item_no,key_facility,facility_name,notes
201114,1040,MAG Cart,Memorial audio guide retail sales item
201197,1060,MUS AG,Museum audio guide retail sales item (feeds audio_tour_headset)
101504,1070,Museum w Tour Guides,Tour-guide retail item
100564,1080,Membership Retail,Membership product
100565,1080,Membership Retail,Membership product
100566,1080,Membership Retail,Membership product
100567,1080,Membership Retail,Membership product
100568,1080,Membership Retail,Membership product
100569,1080,Membership Retail,Membership product
