key_museum_category,category_role,buyout_line_item,resolved_plu,is_resolved,notes
1077,both,mus_guided_tour,,FALSE,"Excluded from the museum guided-tour line grain AND added back from fact_museum_guided_tour_buyout (t_reporting_mus_guided_tours_revenue)."
1430,both,mus_guided_tour,,FALSE,"Excluded from the line grain AND added back as museum guided-tour buyout."
1922,both,mus_guided_tour,,FALSE,"Excluded from the line grain AND added back as museum guided-tour buyout."
2226,both,mus_guided_tour,,FALSE,"Excluded from the line grain AND added back as museum guided-tour buyout."
2831,buyout_addback,mus_guided_tour,,FALSE,"Added back as museum guided-tour buyout but NOT present in the line-grain exclusion list, i.e. buyout-only in the legacy estate."
2826,buyout_addback,mus_guided_tour,,FALSE,"Added back as museum guided-tour buyout but NOT present in the line-grain exclusion list, i.e. buyout-only."
2219,both,mem_guided_tour,,FALSE,"Excluded from the line grain AND added back as memorial buyout (t_reporting_mem_guided_tours_revenue)."
2220,both,mem_guided_tour,,FALSE,"Excluded from the line grain AND added back as memorial buyout."
2112,both,early_access_tour,,FALSE,"Excluded from the line grain AND added back as early-access buyout (t_reporting_early_access_tours_revenue, t_fact_earned_income_line_items)."
2228,both,early_access_tour,,FALSE,"Excluded from the line grain AND added back as early-access buyout."
2200,line_exclusion,,,FALSE,"Excluded from every tour line grain in the legacy estate and added back NOWHERE in the migrated SQL. Revenue in this category is dropped from the DPR tour lines entirely."
2201,line_exclusion,,,FALSE,"Excluded everywhere, added back nowhere. Same status as 2200."
2227,line_exclusion,,,FALSE,"Excluded everywhere, added back nowhere. Same status as 2200."
2229,line_exclusion,,,FALSE,"Excluded everywhere, added back nowhere. Same status as 2200."
3039,line_exclusion,,,FALSE,"Extra exclusion carried only by t_reporting_mus_field_trip_revenue. Not part of the shared 12-category list."
3040,line_exclusion,,,FALSE,"Extra exclusion carried only by t_reporting_virtual_mem_tours_revenue. Not part of the shared 12-category list."
