plu,dpr_line_item,notes
MUSGTOFTAB001,mem_field_trip,Memorial field trip PLU
MUSGTOFTAW001,mem_field_trip,Memorial field trip PLU
MUSGTOFTCW001,mem_field_trip,Memorial field trip PLU
MUSGTOFTNW001,mem_field_trip,Memorial field trip PLU
MUSGTOFTYB001,mem_field_trip,Memorial field trip PLU
MUSGTOFTYW001,mem_field_trip,Memorial field trip PLU
MUSGTOFTAC001,mem_field_trip,Memorial field trip PLU
MUSGTOFTYC001,mem_field_trip,Memorial field trip PLU
MUSGTOADW004,mus_field_trip,Museum field trip PLU
MUSGTOADB004,mus_field_trip,Museum field trip PLU
MUSGTOADR005,mus_field_trip,Museum field trip PLU (also youth/family per legacy)
MUSGTOADW008,revealed_tour,Revealed tour PLU
MUSGTOADW011,revealed_tour,Revealed tour PLU
MUSARCADW001,architecture_tour,Architecture tour PLU (excluded from core museum guided tours)
VTEDUMUSGTOADR010,ask_educator,Ask an Educator program PLU
